{
  "0": {
    "xyz": [
      0.0,
      0.0,
      0.0
    ],
    "quaternion": [
      0.0,
      0.0,
      0.0,
      1.0
    ]
  },
  "1": {
    "xyz": [
      0.09386546099415174,
      0.09093953800922222,
      -0.005986442654715945
    ],
    "quaternion": [
      0.04357178777635338,
      -0.04801856398503797,
      -0.00955605344374336,
      0.9978498878415367
    ]
  }
}