{
  "0": {
    "xyz": [
      0.0,
      0.0,
      0.0
    ],
    "quaternion": [
      0.0,
      0.0,
      0.0,
      1.0
    ]
  },
  "1": {
    "xyz": [
      0.09820366994915189,
      0.1023942702772666,
      -0.004936438965007893
    ],
    "quaternion": [
      0.04264477088991186,
      -0.046717668211411795,
      -0.02146132460681316,
      0.9977666533507503
    ]
  }
}