{
  "0": {
    "xyz": [
      0.0,
      0.0,
      0.0
    ],
    "quaternion": [
      0.0,
      0.0,
      0.0,
      1.0
    ]
  },
  "1": {
    "xyz": [
      0.0900087563937944,
      0.08132007154059634,
      -0.009708523843085804
    ],
    "quaternion": [
      0.04237319503109171,
      -0.05129115396661048,
      0.0004631525007307415,
      0.9977843030221469
    ]
  }
}